<?xml version="1.0"?>
<!--

 Copyright 2012-2016 Red Hat, Inc.

 This file is part of Thermostat.

 Thermostat is free software; you can redistribute it and/or modify
 it under the terms of the GNU General Public License as published
 by the Free Software Foundation; either version 2, or (at your
 option) any later version.

 Thermostat is distributed in the hope that it will be useful, but
 WITHOUT ANY WARRANTY; without even the implied warranty of
 MERCHANTABILITY or FITNESS FOR A PARTICULAR PURPOSE.  See the GNU
 General Public License for more details.

 You should have received a copy of the GNU General Public License
 along with Thermostat; see the file COPYING.  If not see
 <http://www.gnu.org/licenses/>.

 Linking this code with other modules is making a combined work
 based on this code.  Thus, the terms and conditions of the GNU
 General Public License cover the whole combination.

 As a special exception, the copyright holders of this code give
 you permission to link this code with independent modules to
 produce an executable, regardless of the license terms of these
 independent modules, and to copy and distribute the resulting
 executable under terms of your choice, provided that you also
 meet, for each linked independent module, the terms and conditions
 of the license of that module.  An independent module is a module
 which is not derived from or based on this code.  If you modify
 this code, you may extend this exception to your version of the
 library, but you are not obligated to do so.  If you do not wish
 to do so, delete this exception statement from your version.

-->
<plugin xmlns="http://icedtea.classpath.org/thermostat/plugins/v1.0"
  xmlns:xsi="http://www.w3.org/2001/XMLSchema-instance"
  xsi:schemaLocation="http://icedtea.classpath.org/thermostat/plugins/v1.0 thermostat-plugin.xsd">
  <commands>
    <command>
      <name>stap</name>
      <summary>run a SystemTap script</summary>
      <description>Run a SystempTap script</description>
      <environments>
        <environment>cli</environment>
        <environment>shell</environment>
      </environments>
      <bundles>
        <bundle><symbolic-name>com.redhat.thermostat.stap.command</symbolic-name><version>1.99.12-SNAPSHOT</version></bundle>
        <bundle><symbolic-name>com.redhat.thermostat.stap.common</symbolic-name><version>1.99.12-SNAPSHOT</version></bundle>
        <bundle><symbolic-name>com.redhat.thermostat.stap.agent</symbolic-name><version>1.99.12-SNAPSHOT</version></bundle>
        <bundle><symbolic-name>com.redhat.thermostat.storage.mongodb</symbolic-name><version>1.99.12-SNAPSHOT</version></bundle>
        <bundle><symbolic-name>com.redhat.thermostat.web.common</symbolic-name><version>1.99.12-SNAPSHOT</version></bundle>
        <bundle><symbolic-name>com.redhat.thermostat.web.client</symbolic-name><version>1.99.12-SNAPSHOT</version></bundle>
      </bundles>
    </command>
  </commands>
  <extensions>
    <extension>
      <name>agent</name>
      <bundles>
        <bundle><symbolic-name>com.redhat.thermostat.stap.command</symbolic-name><version>1.99.12-SNAPSHOT</version></bundle>
        <bundle><symbolic-name>com.redhat.thermostat.stap.common</symbolic-name><version>1.99.12-SNAPSHOT</version></bundle>
        <bundle><symbolic-name>com.redhat.thermostat.stap.agent</symbolic-name><version>1.99.12-SNAPSHOT</version></bundle>
        <bundle><symbolic-name>com.redhat.thermostat.storage.mongodb</symbolic-name><version>1.99.12-SNAPSHOT</version></bundle>
        <bundle><symbolic-name>com.redhat.thermostat.web.common</symbolic-name><version>1.99.12-SNAPSHOT</version></bundle>
        <bundle><symbolic-name>com.redhat.thermostat.web.client</symbolic-name><version>1.99.12-SNAPSHOT</version></bundle>
      </bundles>
    </extension>
    <extension>
      <name>gui</name>
      <bundles>
        <bundle><symbolic-name>com.redhat.thermostat.stap.gui</symbolic-name><version>1.99.12-SNAPSHOT</version></bundle>
        <bundle><symbolic-name>com.redhat.thermostat.stap.command</symbolic-name><version>1.99.12-SNAPSHOT</version></bundle>
        <bundle><symbolic-name>com.redhat.thermostat.stap.common</symbolic-name><version>1.99.12-SNAPSHOT</version></bundle>
        <bundle><symbolic-name>com.redhat.thermostat.stap.agent</symbolic-name><version>1.99.12-SNAPSHOT</version></bundle>
        <bundle><symbolic-name>com.redhat.thermostat.storage.mongodb</symbolic-name><version>1.99.12-SNAPSHOT</version></bundle>
        <bundle><symbolic-name>com.redhat.thermostat.web.common</symbolic-name><version>1.99.12-SNAPSHOT</version></bundle>
        <bundle><symbolic-name>com.redhat.thermostat.web.client</symbolic-name><version>1.99.12-SNAPSHOT</version></bundle>
      </bundles>
    </extension>
  </extensions>
</plugin>

